{"overall_reward": -1387.971087861899, "_timestamp": 1682250609.5033734, "_runtime": 11946.47827744484, "_step": 54779, "agent_0actor_loss": 352.9023132324219, "agent_0critic_loss": 65.64653778076172, "agent_1actor_loss": 292.8662414550781, "agent_1critic_loss": 228.7811737060547, "agent_2actor_loss": 331.32470703125, "agent_2critic_loss": 140.8009490966797, "agent_3actor_loss": 202.64109802246094, "agent_3critic_loss": 725.2017211914062, "agent_4actor_loss": 35.53192138671875, "agent_4critic_loss": 494.55108642578125, "_wandb": {"runtime": 11945}}