{"overall_reward": -628.5878020695128, "_timestamp": 1682338804.335393, "_runtime": 14775.547853946686, "_step": 54839, "agent_0actor_loss": 106.53227233886719, "agent_0critic_loss": 90.4942626953125, "agent_1actor_loss": 93.24673461914062, "agent_1critic_loss": 31.727130889892578, "agent_2actor_loss": 106.76255798339844, "agent_2critic_loss": 16.54094696044922, "agent_3actor_loss": 60.132686614990234, "agent_3critic_loss": 203.546142578125, "agent_4actor_loss": 124.60490417480469, "agent_4critic_loss": 22.613365173339844, "_wandb": {"runtime": 14774}}