{"agent_4critic_loss": 64.04102325439453, "_timestamp": 1682074679.312361, "_runtime": 13057.2921230793, "_step": 30795, "_wandb": {"runtime": 13056}}