{"overall_reward": -388.3168080326156, "_timestamp": 1682244270.7570379, "_runtime": 6562.194044828415, "_step": 54809, "agent_0actor_loss": -28.970890045166016, "agent_0critic_loss": 266.9971923828125, "agent_1actor_loss": 80.10502624511719, "agent_1critic_loss": 143.1499481201172, "agent_2actor_loss": -64.95638275146484, "agent_2critic_loss": 198.7322540283203, "agent_3actor_loss": 120.04036712646484, "agent_3critic_loss": 33.625240325927734, "agent_4actor_loss": 132.0303192138672, "agent_4critic_loss": 60.15812301635742, "_wandb": {"runtime": 6561}}