{"overall_reward": -1558.949460295443, "_timestamp": 1682598563.9190269, "_runtime": 18832.529189825058, "_step": 54899, "agent_0actor_loss": 356.7248229980469, "agent_0critic_loss": 10.16250991821289, "agent_1actor_loss": 351.0025329589844, "agent_1critic_loss": 5.5570220947265625, "agent_2actor_loss": 12.484619140625, "agent_2critic_loss": 1231.716552734375, "agent_3actor_loss": 236.6864013671875, "agent_3critic_loss": 93.2994384765625, "agent_4actor_loss": 258.0675964355469, "agent_4critic_loss": 793.8609619140625, "_wandb": {"runtime": 18831}}