{"overall_reward": -1588.7438154196368, "_timestamp": 1682393689.112885, "_runtime": 69223.98690009117, "_step": 54809, "agent_0actor_loss": -180.12042236328125, "agent_0critic_loss": 811.248046875, "agent_1actor_loss": 357.57403564453125, "agent_1critic_loss": 276.4335632324219, "agent_2actor_loss": 351.59332275390625, "agent_2critic_loss": 74.2673568725586, "agent_3actor_loss": 215.7536163330078, "agent_3critic_loss": 432.39520263671875, "agent_4actor_loss": 286.9156494140625, "agent_4critic_loss": 807.8305053710938, "_wandb": {"runtime": 69222}}