{"overall_reward": -1071.7364770147858, "_timestamp": 1682593143.2107441, "_runtime": 14647.86588025093, "_step": 54879, "agent_0actor_loss": 163.22451782226562, "agent_0critic_loss": 131.66064453125, "agent_1actor_loss": 181.5890655517578, "agent_1critic_loss": 23.62008285522461, "agent_2actor_loss": 284.4260559082031, "agent_2critic_loss": 13.19870662689209, "agent_3actor_loss": 246.90748596191406, "agent_3critic_loss": 48.529151916503906, "agent_4actor_loss": -56.572139739990234, "agent_4critic_loss": 426.76220703125, "_wandb": {"runtime": 14646}}