{"overall_reward": -956.2100597234098, "_timestamp": 1682323965.169214, "_runtime": 2.413827896118164, "_step": 0, "_wandb": {"runtime": 16}}